<?xml version="1.0" encoding="UTF-8"?>
<project-private xmlns="http://www.netbeans.org/ns/project-private/1">
    <editor-bookmarks xmlns="http://www.netbeans.org/ns/editor-bookmarks/2" lastBookmarkId="0"/>
    <open-files xmlns="http://www.netbeans.org/ns/projectui-open-files/2">
        <group>
            <file>file:/F:/CSE/5th%20SEM/DB/DB%20Project%20new/DB_Project/src/update_single.java</file>
            <file>file:/F:/CSE/5th%20SEM/DB/DB%20Project%20new/DB_Project/src/Main_Menu.java</file>
            <file>file:/F:/CSE/5th%20SEM/DB/DB%20Project%20new/DB_Project/src/DDL_alter_add_col.java</file>
            <file>file:/F:/CSE/5th%20SEM/DB/DB%20Project%20new/DB_Project/src/DDL_create.java</file>
            <file>file:/F:/CSE/5th%20SEM/DB/DB%20Project%20new/DB_Project/src/drop.java</file>
            <file>file:/F:/CSE/5th%20SEM/DB/DB%20Project%20new/DB_Project/src/login_page.java</file>
            <file>file:/F:/CSE/5th%20SEM/DB/DB%20Project%20new/DB_Project/src/DDL_alter_del_col.java</file>
            <file>file:/F:/CSE/5th%20SEM/DB/DB%20Project%20new/DB_Project/src/truncate.java</file>
            <file>file:/F:/CSE/5th%20SEM/DB/DB%20Project%20new/DB_Project/src/table.java</file>
            <file>file:/F:/CSE/5th%20SEM/DB/DB%20Project%20new/DB_Project/src/DDL_alter_mod_col.java</file>
            <file>file:/F:/CSE/5th%20SEM/DB/DB%20Project%20new/DB_Project/src/delete.java</file>
        </group>
    </open-files>
</project-private>
